date,day,day_name,month,month_name,quarter,year,is_weekend,is_trading_day,financial_year,week_of_year
2023-01-01,1,Sunday,1,January,1,2023,1,0,FY22-23,52
2023-01-02,2,Monday,1,January,1,2023,0,1,FY22-23,1
2023-01-03,3,Tuesday,1,January,1,2023,0,1,FY22-23,1
2023-01-04,4,Wednesday,1,January,1,2023,0,1,FY22-23,1
2023-01-05,5,Thursday,1,January,1,2023,0,1,FY22-23,1
2023-01-06,6,Friday,1,January,1,2023,0,1,FY22-23,1
2023-01-07,7,Saturday,1,January,1,2023,1,0,FY22-23,1
2023-01-08,8,Sunday,1,January,1,2023,1,0,FY22-23,1
2023-01-09,9,Monday,1,January,1,2023,0,1,FY22-23,2
2023-01-10,10,Tuesday,1,January,1,2023,0,1,FY22-23,2
2023-01-11,11,Wednesday,1,January,1,2023,0,1,FY22-23,2
2023-01-12,12,Thursday,1,January,1,2023,0,1,FY22-23,2
2023-01-13,13,Friday,1,January,1,2023,0,1,FY22-23,2
2023-01-14,14,Saturday,1,January,1,2023,1,0,FY22-23,2
2023-01-15,15,Sunday,1,January,1,2023,1,0,FY22-23,2
2023-01-16,16,Monday,1,January,1,2023,0,1,FY22-23,3
2023-01-17,17,Tuesday,1,January,1,2023,0,1,FY22-23,3
2023-01-18,18,Wednesday,1,January,1,2023,0,1,FY22-23,3
2023-01-19,19,Thursday,1,January,1,2023,0,1,FY22-23,3
2023-01-20,20,Friday,1,January,1,2023,0,1,FY22-23,3
2023-01-21,21,Saturday,1,January,1,2023,1,0,FY22-23,3
2023-01-22,22,Sunday,1,January,1,2023,1,0,FY22-23,3
2023-01-23,23,Monday,1,January,1,2023,0,1,FY22-23,4
2023-01-24,24,Tuesday,1,January,1,2023,0,1,FY22-23,4
2023-01-25,25,Wednesday,1,January,1,2023,0,1,FY22-23,4
2023-01-26,26,Thursday,1,January,1,2023,0,1,FY22-23,4
2023-01-27,27,Friday,1,January,1,2023,0,1,FY22-23,4
2023-01-28,28,Saturday,1,January,1,2023,1,0,FY22-23,4
2023-01-29,29,Sunday,1,January,1,2023,1,0,FY22-23,4
2023-01-30,30,Monday,1,January,1,2023,0,1,FY22-23,5
2023-01-31,31,Tuesday,1,January,1,2023,0,1,FY22-23,5
2023-02-01,1,Wednesday,2,February,1,2023,0,1,FY22-23,5
2023-02-02,2,Thursday,2,February,1,2023,0,1,FY22-23,5
2023-02-03,3,Friday,2,February,1,2023,0,1,FY22-23,5
2023-02-04,4,Saturday,2,February,1,2023,1,0,FY22-23,5
2023-02-05,5,Sunday,2,February,1,2023,1,0,FY22-23,5
2023-02-06,6,Monday,2,February,1,2023,0,1,FY22-23,6
2023-02-07,7,Tuesday,2,February,1,2023,0,1,FY22-23,6
2023-02-08,8,Wednesday,2,February,1,2023,0,1,FY22-23,6
2023-02-09,9,Thursday,2,February,1,2023,0,1,FY22-23,6
2023-02-10,10,Friday,2,February,1,2023,0,1,FY22-23,6
2023-02-11,11,Saturday,2,February,1,2023,1,0,FY22-23,6
2023-02-12,12,Sunday,2,February,1,2023,1,0,FY22-23,6
2023-02-13,13,Monday,2,February,1,2023,0,1,FY22-23,7
2023-02-14,14,Tuesday,2,February,1,2023,0,1,FY22-23,7
2023-02-15,15,Wednesday,2,February,1,2023,0,1,FY22-23,7
2023-02-16,16,Thursday,2,February,1,2023,0,1,FY22-23,7
2023-02-17,17,Friday,2,February,1,2023,0,1,FY22-23,7
2023-02-18,18,Saturday,2,February,1,2023,1,0,FY22-23,7
2023-02-19,19,Sunday,2,February,1,2023,1,0,FY22-23,7
2023-02-20,20,Monday,2,February,1,2023,0,1,FY22-23,8
2023-02-21,21,Tuesday,2,February,1,2023,0,1,FY22-23,8
2023-02-22,22,Wednesday,2,February,1,2023,0,1,FY22-23,8
2023-02-23,23,Thursday,2,February,1,2023,0,1,FY22-23,8
2023-02-24,24,Friday,2,February,1,2023,0,1,FY22-23,8
2023-02-25,25,Saturday,2,February,1,2023,1,0,FY22-23,8
2023-02-26,26,Sunday,2,February,1,2023,1,0,FY22-23,8
2023-02-27,27,Monday,2,February,1,2023,0,1,FY22-23,9
2023-02-28,28,Tuesday,2,February,1,2023,0,1,FY22-23,9
2023-03-01,1,Wednesday,3,March,1,2023,0,1,FY22-23,9
2023-03-02,2,Thursday,3,March,1,2023,0,1,FY22-23,9
2023-03-03,3,Friday,3,March,1,2023,0,1,FY22-23,9
2023-03-04,4,Saturday,3,March,1,2023,1,0,FY22-23,9
2023-03-05,5,Sunday,3,March,1,2023,1,0,FY22-23,9
2023-03-06,6,Monday,3,March,1,2023,0,1,FY22-23,10
2023-03-07,7,Tuesday,3,March,1,2023,0,1,FY22-23,10
2023-03-08,8,Wednesday,3,March,1,2023,0,1,FY22-23,10
2023-03-09,9,Thursday,3,March,1,2023,0,1,FY22-23,10
2023-03-10,10,Friday,3,March,1,2023,0,1,FY22-23,10
2023-03-11,11,Saturday,3,March,1,2023,1,0,FY22-23,10
2023-03-12,12,Sunday,3,March,1,2023,1,0,FY22-23,10
2023-03-13,13,Monday,3,March,1,2023,0,1,FY22-23,11
2023-03-14,14,Tuesday,3,March,1,2023,0,1,FY22-23,11
2023-03-15,15,Wednesday,3,March,1,2023,0,1,FY22-23,11
2023-03-16,16,Thursday,3,March,1,2023,0,1,FY22-23,11
2023-03-17,17,Friday,3,March,1,2023,0,1,FY22-23,11
2023-03-18,18,Saturday,3,March,1,2023,1,0,FY22-23,11
2023-03-19,19,Sunday,3,March,1,2023,1,0,FY22-23,11
2023-03-20,20,Monday,3,March,1,2023,0,1,FY22-23,12
2023-03-21,21,Tuesday,3,March,1,2023,0,1,FY22-23,12
2023-03-22,22,Wednesday,3,March,1,2023,0,1,FY22-23,12
2023-03-23,23,Thursday,3,March,1,2023,0,1,FY22-23,12
2023-03-24,24,Friday,3,March,1,2023,0,1,FY22-23,12
2023-03-25,25,Saturday,3,March,1,2023,1,0,FY22-23,12
2023-03-26,26,Sunday,3,March,1,2023,1,0,FY22-23,12
2023-03-27,27,Monday,3,March,1,2023,0,1,FY22-23,13
2023-03-28,28,Tuesday,3,March,1,2023,0,1,FY22-23,13
2023-03-29,29,Wednesday,3,March,1,2023,0,1,FY22-23,13
2023-03-30,30,Thursday,3,March,1,2023,0,1,FY22-23,13
2023-03-31,31,Friday,3,March,1,2023,0,1,FY22-23,13
2023-04-01,1,Saturday,4,April,2,2023,1,0,FY23-24,13
2023-04-02,2,Sunday,4,April,2,2023,1,0,FY23-24,13
2023-04-03,3,Monday,4,April,2,2023,0,1,FY23-24,14
2023-04-04,4,Tuesday,4,April,2,2023,0,1,FY23-24,14
2023-04-05,5,Wednesday,4,April,2,2023,0,1,FY23-24,14
2023-04-06,6,Thursday,4,April,2,2023,0,1,FY23-24,14
2023-04-07,7,Friday,4,April,2,2023,0,1,FY23-24,14
2023-04-08,8,Saturday,4,April,2,2023,1,0,FY23-24,14
2023-04-09,9,Sunday,4,April,2,2023,1,0,FY23-24,14
2023-04-10,10,Monday,4,April,2,2023,0,1,FY23-24,15
2023-04-11,11,Tuesday,4,April,2,2023,0,1,FY23-24,15
2023-04-12,12,Wednesday,4,April,2,2023,0,1,FY23-24,15
2023-04-13,13,Thursday,4,April,2,2023,0,1,FY23-24,15
2023-04-14,14,Friday,4,April,2,2023,0,1,FY23-24,15
2023-04-15,15,Saturday,4,April,2,2023,1,0,FY23-24,15
2023-04-16,16,Sunday,4,April,2,2023,1,0,FY23-24,15
2023-04-17,17,Monday,4,April,2,2023,0,1,FY23-24,16
2023-04-18,18,Tuesday,4,April,2,2023,0,1,FY23-24,16
2023-04-19,19,Wednesday,4,April,2,2023,0,1,FY23-24,16
2023-04-20,20,Thursday,4,April,2,2023,0,1,FY23-24,16
2023-04-21,21,Friday,4,April,2,2023,0,1,FY23-24,16
2023-04-22,22,Saturday,4,April,2,2023,1,0,FY23-24,16
2023-04-23,23,Sunday,4,April,2,2023,1,0,FY23-24,16
2023-04-24,24,Monday,4,April,2,2023,0,1,FY23-24,17
2023-04-25,25,Tuesday,4,April,2,2023,0,1,FY23-24,17
2023-04-26,26,Wednesday,4,April,2,2023,0,1,FY23-24,17
2023-04-27,27,Thursday,4,April,2,2023,0,1,FY23-24,17
2023-04-28,28,Friday,4,April,2,2023,0,1,FY23-24,17
2023-04-29,29,Saturday,4,April,2,2023,1,0,FY23-24,17
2023-04-30,30,Sunday,4,April,2,2023,1,0,FY23-24,17
2023-05-01,1,Monday,5,May,2,2023,0,1,FY23-24,18
2023-05-02,2,Tuesday,5,May,2,2023,0,1,FY23-24,18
2023-05-03,3,Wednesday,5,May,2,2023,0,1,FY23-24,18
2023-05-04,4,Thursday,5,May,2,2023,0,1,FY23-24,18
2023-05-05,5,Friday,5,May,2,2023,0,1,FY23-24,18
2023-05-06,6,Saturday,5,May,2,2023,1,0,FY23-24,18
2023-05-07,7,Sunday,5,May,2,2023,1,0,FY23-24,18
2023-05-08,8,Monday,5,May,2,2023,0,1,FY23-24,19
2023-05-09,9,Tuesday,5,May,2,2023,0,1,FY23-24,19
2023-05-10,10,Wednesday,5,May,2,2023,0,1,FY23-24,19
2023-05-11,11,Thursday,5,May,2,2023,0,1,FY23-24,19
2023-05-12,12,Friday,5,May,2,2023,0,1,FY23-24,19
2023-05-13,13,Saturday,5,May,2,2023,1,0,FY23-24,19
2023-05-14,14,Sunday,5,May,2,2023,1,0,FY23-24,19
2023-05-15,15,Monday,5,May,2,2023,0,1,FY23-24,20
2023-05-16,16,Tuesday,5,May,2,2023,0,1,FY23-24,20
2023-05-17,17,Wednesday,5,May,2,2023,0,1,FY23-24,20
2023-05-18,18,Thursday,5,May,2,2023,0,1,FY23-24,20
2023-05-19,19,Friday,5,May,2,2023,0,1,FY23-24,20
2023-05-20,20,Saturday,5,May,2,2023,1,0,FY23-24,20
2023-05-21,21,Sunday,5,May,2,2023,1,0,FY23-24,20
2023-05-22,22,Monday,5,May,2,2023,0,1,FY23-24,21
2023-05-23,23,Tuesday,5,May,2,2023,0,1,FY23-24,21
2023-05-24,24,Wednesday,5,May,2,2023,0,1,FY23-24,21
2023-05-25,25,Thursday,5,May,2,2023,0,1,FY23-24,21
2023-05-26,26,Friday,5,May,2,2023,0,1,FY23-24,21
2023-05-27,27,Saturday,5,May,2,2023,1,0,FY23-24,21
2023-05-28,28,Sunday,5,May,2,2023,1,0,FY23-24,21
2023-05-29,29,Monday,5,May,2,2023,0,1,FY23-24,22
2023-05-30,30,Tuesday,5,May,2,2023,0,1,FY23-24,22
2023-05-31,31,Wednesday,5,May,2,2023,0,1,FY23-24,22
2023-06-01,1,Thursday,6,June,2,2023,0,1,FY23-24,22
2023-06-02,2,Friday,6,June,2,2023,0,1,FY23-24,22
2023-06-03,3,Saturday,6,June,2,2023,1,0,FY23-24,22
2023-06-04,4,Sunday,6,June,2,2023,1,0,FY23-24,22
2023-06-05,5,Monday,6,June,2,2023,0,1,FY23-24,23
2023-06-06,6,Tuesday,6,June,2,2023,0,1,FY23-24,23
2023-06-07,7,Wednesday,6,June,2,2023,0,1,FY23-24,23
2023-06-08,8,Thursday,6,June,2,2023,0,1,FY23-24,23
2023-06-09,9,Friday,6,June,2,2023,0,1,FY23-24,23
2023-06-10,10,Saturday,6,June,2,2023,1,0,FY23-24,23
2023-06-11,11,Sunday,6,June,2,2023,1,0,FY23-24,23
2023-06-12,12,Monday,6,June,2,2023,0,1,FY23-24,24
2023-06-13,13,Tuesday,6,June,2,2023,0,1,FY23-24,24
2023-06-14,14,Wednesday,6,June,2,2023,0,1,FY23-24,24
2023-06-15,15,Thursday,6,June,2,2023,0,1,FY23-24,24
2023-06-16,16,Friday,6,June,2,2023,0,1,FY23-24,24
2023-06-17,17,Saturday,6,June,2,2023,1,0,FY23-24,24
2023-06-18,18,Sunday,6,June,2,2023,1,0,FY23-24,24
2023-06-19,19,Monday,6,June,2,2023,0,1,FY23-24,25
2023-06-20,20,Tuesday,6,June,2,2023,0,1,FY23-24,25
2023-06-21,21,Wednesday,6,June,2,2023,0,1,FY23-24,25
2023-06-22,22,Thursday,6,June,2,2023,0,1,FY23-24,25
2023-06-23,23,Friday,6,June,2,2023,0,1,FY23-24,25
2023-06-24,24,Saturday,6,June,2,2023,1,0,FY23-24,25
2023-06-25,25,Sunday,6,June,2,2023,1,0,FY23-24,25
2023-06-26,26,Monday,6,June,2,2023,0,1,FY23-24,26
2023-06-27,27,Tuesday,6,June,2,2023,0,1,FY23-24,26
2023-06-28,28,Wednesday,6,June,2,2023,0,1,FY23-24,26
2023-06-29,29,Thursday,6,June,2,2023,0,1,FY23-24,26
2023-06-30,30,Friday,6,June,2,2023,0,1,FY23-24,26
2023-07-01,1,Saturday,7,July,3,2023,1,0,FY23-24,26
2023-07-02,2,Sunday,7,July,3,2023,1,0,FY23-24,26
2023-07-03,3,Monday,7,July,3,2023,0,1,FY23-24,27
2023-07-04,4,Tuesday,7,July,3,2023,0,1,FY23-24,27
2023-07-05,5,Wednesday,7,July,3,2023,0,1,FY23-24,27
2023-07-06,6,Thursday,7,July,3,2023,0,1,FY23-24,27
2023-07-07,7,Friday,7,July,3,2023,0,1,FY23-24,27
2023-07-08,8,Saturday,7,July,3,2023,1,0,FY23-24,27
2023-07-09,9,Sunday,7,July,3,2023,1,0,FY23-24,27
2023-07-10,10,Monday,7,July,3,2023,0,1,FY23-24,28
2023-07-11,11,Tuesday,7,July,3,2023,0,1,FY23-24,28
2023-07-12,12,Wednesday,7,July,3,2023,0,1,FY23-24,28
2023-07-13,13,Thursday,7,July,3,2023,0,1,FY23-24,28
2023-07-14,14,Friday,7,July,3,2023,0,1,FY23-24,28
2023-07-15,15,Saturday,7,July,3,2023,1,0,FY23-24,28
2023-07-16,16,Sunday,7,July,3,2023,1,0,FY23-24,28
2023-07-17,17,Monday,7,July,3,2023,0,1,FY23-24,29
2023-07-18,18,Tuesday,7,July,3,2023,0,1,FY23-24,29
2023-07-19,19,Wednesday,7,July,3,2023,0,1,FY23-24,29
2023-07-20,20,Thursday,7,July,3,2023,0,1,FY23-24,29
2023-07-21,21,Friday,7,July,3,2023,0,1,FY23-24,29
2023-07-22,22,Saturday,7,July,3,2023,1,0,FY23-24,29
2023-07-23,23,Sunday,7,July,3,2023,1,0,FY23-24,29
2023-07-24,24,Monday,7,July,3,2023,0,1,FY23-24,30
2023-07-25,25,Tuesday,7,July,3,2023,0,1,FY23-24,30
2023-07-26,26,Wednesday,7,July,3,2023,0,1,FY23-24,30
2023-07-27,27,Thursday,7,July,3,2023,0,1,FY23-24,30
2023-07-28,28,Friday,7,July,3,2023,0,1,FY23-24,30
2023-07-29,29,Saturday,7,July,3,2023,1,0,FY23-24,30
2023-07-30,30,Sunday,7,July,3,2023,1,0,FY23-24,30
2023-07-31,31,Monday,7,July,3,2023,0,1,FY23-24,31
2023-08-01,1,Tuesday,8,August,3,2023,0,1,FY23-24,31
2023-08-02,2,Wednesday,8,August,3,2023,0,1,FY23-24,31
2023-08-03,3,Thursday,8,August,3,2023,0,1,FY23-24,31
2023-08-04,4,Friday,8,August,3,2023,0,1,FY23-24,31
2023-08-05,5,Saturday,8,August,3,2023,1,0,FY23-24,31
2023-08-06,6,Sunday,8,August,3,2023,1,0,FY23-24,31
2023-08-07,7,Monday,8,August,3,2023,0,1,FY23-24,32
2023-08-08,8,Tuesday,8,August,3,2023,0,1,FY23-24,32
2023-08-09,9,Wednesday,8,August,3,2023,0,1,FY23-24,32
2023-08-10,10,Thursday,8,August,3,2023,0,1,FY23-24,32
2023-08-11,11,Friday,8,August,3,2023,0,1,FY23-24,32
2023-08-12,12,Saturday,8,August,3,2023,1,0,FY23-24,32
2023-08-13,13,Sunday,8,August,3,2023,1,0,FY23-24,32
2023-08-14,14,Monday,8,August,3,2023,0,1,FY23-24,33
2023-08-15,15,Tuesday,8,August,3,2023,0,1,FY23-24,33
2023-08-16,16,Wednesday,8,August,3,2023,0,1,FY23-24,33
2023-08-17,17,Thursday,8,August,3,2023,0,1,FY23-24,33
2023-08-18,18,Friday,8,August,3,2023,0,1,FY23-24,33
2023-08-19,19,Saturday,8,August,3,2023,1,0,FY23-24,33
2023-08-20,20,Sunday,8,August,3,2023,1,0,FY23-24,33
2023-08-21,21,Monday,8,August,3,2023,0,1,FY23-24,34
2023-08-22,22,Tuesday,8,August,3,2023,0,1,FY23-24,34
2023-08-23,23,Wednesday,8,August,3,2023,0,1,FY23-24,34
2023-08-24,24,Thursday,8,August,3,2023,0,1,FY23-24,34
2023-08-25,25,Friday,8,August,3,2023,0,1,FY23-24,34
2023-08-26,26,Saturday,8,August,3,2023,1,0,FY23-24,34
2023-08-27,27,Sunday,8,August,3,2023,1,0,FY23-24,34
2023-08-28,28,Monday,8,August,3,2023,0,1,FY23-24,35
2023-08-29,29,Tuesday,8,August,3,2023,0,1,FY23-24,35
2023-08-30,30,Wednesday,8,August,3,2023,0,1,FY23-24,35
2023-08-31,31,Thursday,8,August,3,2023,0,1,FY23-24,35
2023-09-01,1,Friday,9,September,3,2023,0,1,FY23-24,35
2023-09-02,2,Saturday,9,September,3,2023,1,0,FY23-24,35
2023-09-03,3,Sunday,9,September,3,2023,1,0,FY23-24,35
2023-09-04,4,Monday,9,September,3,2023,0,1,FY23-24,36
2023-09-05,5,Tuesday,9,September,3,2023,0,1,FY23-24,36
2023-09-06,6,Wednesday,9,September,3,2023,0,1,FY23-24,36
2023-09-07,7,Thursday,9,September,3,2023,0,1,FY23-24,36
2023-09-08,8,Friday,9,September,3,2023,0,1,FY23-24,36
2023-09-09,9,Saturday,9,September,3,2023,1,0,FY23-24,36
2023-09-10,10,Sunday,9,September,3,2023,1,0,FY23-24,36
2023-09-11,11,Monday,9,September,3,2023,0,1,FY23-24,37
2023-09-12,12,Tuesday,9,September,3,2023,0,1,FY23-24,37
2023-09-13,13,Wednesday,9,September,3,2023,0,1,FY23-24,37
2023-09-14,14,Thursday,9,September,3,2023,0,1,FY23-24,37
2023-09-15,15,Friday,9,September,3,2023,0,1,FY23-24,37
2023-09-16,16,Saturday,9,September,3,2023,1,0,FY23-24,37
2023-09-17,17,Sunday,9,September,3,2023,1,0,FY23-24,37
2023-09-18,18,Monday,9,September,3,2023,0,1,FY23-24,38
2023-09-19,19,Tuesday,9,September,3,2023,0,1,FY23-24,38
2023-09-20,20,Wednesday,9,September,3,2023,0,1,FY23-24,38
2023-09-21,21,Thursday,9,September,3,2023,0,1,FY23-24,38
2023-09-22,22,Friday,9,September,3,2023,0,1,FY23-24,38
2023-09-23,23,Saturday,9,September,3,2023,1,0,FY23-24,38
2023-09-24,24,Sunday,9,September,3,2023,1,0,FY23-24,38
2023-09-25,25,Monday,9,September,3,2023,0,1,FY23-24,39
2023-09-26,26,Tuesday,9,September,3,2023,0,1,FY23-24,39
2023-09-27,27,Wednesday,9,September,3,2023,0,1,FY23-24,39
2023-09-28,28,Thursday,9,September,3,2023,0,1,FY23-24,39
2023-09-29,29,Friday,9,September,3,2023,0,1,FY23-24,39
2023-09-30,30,Saturday,9,September,3,2023,1,0,FY23-24,39
2023-10-01,1,Sunday,10,October,4,2023,1,0,FY23-24,39
2023-10-02,2,Monday,10,October,4,2023,0,1,FY23-24,40
2023-10-03,3,Tuesday,10,October,4,2023,0,1,FY23-24,40
2023-10-04,4,Wednesday,10,October,4,2023,0,1,FY23-24,40
2023-10-05,5,Thursday,10,October,4,2023,0,1,FY23-24,40
2023-10-06,6,Friday,10,October,4,2023,0,1,FY23-24,40
2023-10-07,7,Saturday,10,October,4,2023,1,0,FY23-24,40
2023-10-08,8,Sunday,10,October,4,2023,1,0,FY23-24,40
2023-10-09,9,Monday,10,October,4,2023,0,1,FY23-24,41
2023-10-10,10,Tuesday,10,October,4,2023,0,1,FY23-24,41
2023-10-11,11,Wednesday,10,October,4,2023,0,1,FY23-24,41
2023-10-12,12,Thursday,10,October,4,2023,0,1,FY23-24,41
2023-10-13,13,Friday,10,October,4,2023,0,1,FY23-24,41
2023-10-14,14,Saturday,10,October,4,2023,1,0,FY23-24,41
2023-10-15,15,Sunday,10,October,4,2023,1,0,FY23-24,41
2023-10-16,16,Monday,10,October,4,2023,0,1,FY23-24,42
2023-10-17,17,Tuesday,10,October,4,2023,0,1,FY23-24,42
2023-10-18,18,Wednesday,10,October,4,2023,0,1,FY23-24,42
2023-10-19,19,Thursday,10,October,4,2023,0,1,FY23-24,42
2023-10-20,20,Friday,10,October,4,2023,0,1,FY23-24,42
2023-10-21,21,Saturday,10,October,4,2023,1,0,FY23-24,42
2023-10-22,22,Sunday,10,October,4,2023,1,0,FY23-24,42
2023-10-23,23,Monday,10,October,4,2023,0,1,FY23-24,43
2023-10-24,24,Tuesday,10,October,4,2023,0,1,FY23-24,43
2023-10-25,25,Wednesday,10,October,4,2023,0,1,FY23-24,43
2023-10-26,26,Thursday,10,October,4,2023,0,1,FY23-24,43
2023-10-27,27,Friday,10,October,4,2023,0,1,FY23-24,43
2023-10-28,28,Saturday,10,October,4,2023,1,0,FY23-24,43
2023-10-29,29,Sunday,10,October,4,2023,1,0,FY23-24,43
2023-10-30,30,Monday,10,October,4,2023,0,1,FY23-24,44
2023-10-31,31,Tuesday,10,October,4,2023,0,1,FY23-24,44
2023-11-01,1,Wednesday,11,November,4,2023,0,1,FY23-24,44
2023-11-02,2,Thursday,11,November,4,2023,0,1,FY23-24,44
2023-11-03,3,Friday,11,November,4,2023,0,1,FY23-24,44
2023-11-04,4,Saturday,11,November,4,2023,1,0,FY23-24,44
2023-11-05,5,Sunday,11,November,4,2023,1,0,FY23-24,44
2023-11-06,6,Monday,11,November,4,2023,0,1,FY23-24,45
2023-11-07,7,Tuesday,11,November,4,2023,0,1,FY23-24,45
2023-11-08,8,Wednesday,11,November,4,2023,0,1,FY23-24,45
2023-11-09,9,Thursday,11,November,4,2023,0,1,FY23-24,45
2023-11-10,10,Friday,11,November,4,2023,0,1,FY23-24,45
2023-11-11,11,Saturday,11,November,4,2023,1,0,FY23-24,45
2023-11-12,12,Sunday,11,November,4,2023,1,0,FY23-24,45
2023-11-13,13,Monday,11,November,4,2023,0,1,FY23-24,46
2023-11-14,14,Tuesday,11,November,4,2023,0,1,FY23-24,46
2023-11-15,15,Wednesday,11,November,4,2023,0,1,FY23-24,46
2023-11-16,16,Thursday,11,November,4,2023,0,1,FY23-24,46
2023-11-17,17,Friday,11,November,4,2023,0,1,FY23-24,46
2023-11-18,18,Saturday,11,November,4,2023,1,0,FY23-24,46
2023-11-19,19,Sunday,11,November,4,2023,1,0,FY23-24,46
2023-11-20,20,Monday,11,November,4,2023,0,1,FY23-24,47
2023-11-21,21,Tuesday,11,November,4,2023,0,1,FY23-24,47
2023-11-22,22,Wednesday,11,November,4,2023,0,1,FY23-24,47
2023-11-23,23,Thursday,11,November,4,2023,0,1,FY23-24,47
2023-11-24,24,Friday,11,November,4,2023,0,1,FY23-24,47
2023-11-25,25,Saturday,11,November,4,2023,1,0,FY23-24,47
2023-11-26,26,Sunday,11,November,4,2023,1,0,FY23-24,47
2023-11-27,27,Monday,11,November,4,2023,0,1,FY23-24,48
2023-11-28,28,Tuesday,11,November,4,2023,0,1,FY23-24,48
2023-11-29,29,Wednesday,11,November,4,2023,0,1,FY23-24,48
2023-11-30,30,Thursday,11,November,4,2023,0,1,FY23-24,48
2023-12-01,1,Friday,12,December,4,2023,0,1,FY23-24,48
2023-12-02,2,Saturday,12,December,4,2023,1,0,FY23-24,48
2023-12-03,3,Sunday,12,December,4,2023,1,0,FY23-24,48
2023-12-04,4,Monday,12,December,4,2023,0,1,FY23-24,49
2023-12-05,5,Tuesday,12,December,4,2023,0,1,FY23-24,49
2023-12-06,6,Wednesday,12,December,4,2023,0,1,FY23-24,49
2023-12-07,7,Thursday,12,December,4,2023,0,1,FY23-24,49
2023-12-08,8,Friday,12,December,4,2023,0,1,FY23-24,49
2023-12-09,9,Saturday,12,December,4,2023,1,0,FY23-24,49
2023-12-10,10,Sunday,12,December,4,2023,1,0,FY23-24,49
2023-12-11,11,Monday,12,December,4,2023,0,1,FY23-24,50
2023-12-12,12,Tuesday,12,December,4,2023,0,1,FY23-24,50
2023-12-13,13,Wednesday,12,December,4,2023,0,1,FY23-24,50
2023-12-14,14,Thursday,12,December,4,2023,0,1,FY23-24,50
2023-12-15,15,Friday,12,December,4,2023,0,1,FY23-24,50
2023-12-16,16,Saturday,12,December,4,2023,1,0,FY23-24,50
2023-12-17,17,Sunday,12,December,4,2023,1,0,FY23-24,50
2023-12-18,18,Monday,12,December,4,2023,0,1,FY23-24,51
2023-12-19,19,Tuesday,12,December,4,2023,0,1,FY23-24,51
2023-12-20,20,Wednesday,12,December,4,2023,0,1,FY23-24,51
2023-12-21,21,Thursday,12,December,4,2023,0,1,FY23-24,51
2023-12-22,22,Friday,12,December,4,2023,0,1,FY23-24,51
2023-12-23,23,Saturday,12,December,4,2023,1,0,FY23-24,51
2023-12-24,24,Sunday,12,December,4,2023,1,0,FY23-24,51
2023-12-25,25,Monday,12,December,4,2023,0,1,FY23-24,52
2023-12-26,26,Tuesday,12,December,4,2023,0,1,FY23-24,52
2023-12-27,27,Wednesday,12,December,4,2023,0,1,FY23-24,52
2023-12-28,28,Thursday,12,December,4,2023,0,1,FY23-24,52
2023-12-29,29,Friday,12,December,4,2023,0,1,FY23-24,52
2023-12-30,30,Saturday,12,December,4,2023,1,0,FY23-24,52
2023-12-31,31,Sunday,12,December,4,2023,1,0,FY23-24,52
2024-01-01,1,Monday,1,January,1,2024,0,1,FY23-24,1
2024-01-02,2,Tuesday,1,January,1,2024,0,1,FY23-24,1
2024-01-03,3,Wednesday,1,January,1,2024,0,1,FY23-24,1
2024-01-04,4,Thursday,1,January,1,2024,0,1,FY23-24,1
2024-01-05,5,Friday,1,January,1,2024,0,1,FY23-24,1
2024-01-06,6,Saturday,1,January,1,2024,1,0,FY23-24,1
2024-01-07,7,Sunday,1,January,1,2024,1,0,FY23-24,1
2024-01-08,8,Monday,1,January,1,2024,0,1,FY23-24,2
2024-01-09,9,Tuesday,1,January,1,2024,0,1,FY23-24,2
2024-01-10,10,Wednesday,1,January,1,2024,0,1,FY23-24,2
2024-01-11,11,Thursday,1,January,1,2024,0,1,FY23-24,2
2024-01-12,12,Friday,1,January,1,2024,0,1,FY23-24,2
2024-01-13,13,Saturday,1,January,1,2024,1,0,FY23-24,2
2024-01-14,14,Sunday,1,January,1,2024,1,0,FY23-24,2
2024-01-15,15,Monday,1,January,1,2024,0,1,FY23-24,3
2024-01-16,16,Tuesday,1,January,1,2024,0,1,FY23-24,3
2024-01-17,17,Wednesday,1,January,1,2024,0,1,FY23-24,3
2024-01-18,18,Thursday,1,January,1,2024,0,1,FY23-24,3
2024-01-19,19,Friday,1,January,1,2024,0,1,FY23-24,3
2024-01-20,20,Saturday,1,January,1,2024,1,0,FY23-24,3
2024-01-21,21,Sunday,1,January,1,2024,1,0,FY23-24,3
2024-01-22,22,Monday,1,January,1,2024,0,1,FY23-24,4
2024-01-23,23,Tuesday,1,January,1,2024,0,1,FY23-24,4
2024-01-24,24,Wednesday,1,January,1,2024,0,1,FY23-24,4
2024-01-25,25,Thursday,1,January,1,2024,0,1,FY23-24,4
2024-01-26,26,Friday,1,January,1,2024,0,1,FY23-24,4
2024-01-27,27,Saturday,1,January,1,2024,1,0,FY23-24,4
2024-01-28,28,Sunday,1,January,1,2024,1,0,FY23-24,4
2024-01-29,29,Monday,1,January,1,2024,0,1,FY23-24,5
2024-01-30,30,Tuesday,1,January,1,2024,0,1,FY23-24,5
2024-01-31,31,Wednesday,1,January,1,2024,0,1,FY23-24,5
2024-02-01,1,Thursday,2,February,1,2024,0,1,FY23-24,5
2024-02-02,2,Friday,2,February,1,2024,0,1,FY23-24,5
2024-02-03,3,Saturday,2,February,1,2024,1,0,FY23-24,5
2024-02-04,4,Sunday,2,February,1,2024,1,0,FY23-24,5
2024-02-05,5,Monday,2,February,1,2024,0,1,FY23-24,6
2024-02-06,6,Tuesday,2,February,1,2024,0,1,FY23-24,6
2024-02-07,7,Wednesday,2,February,1,2024,0,1,FY23-24,6
2024-02-08,8,Thursday,2,February,1,2024,0,1,FY23-24,6
2024-02-09,9,Friday,2,February,1,2024,0,1,FY23-24,6
2024-02-10,10,Saturday,2,February,1,2024,1,0,FY23-24,6
2024-02-11,11,Sunday,2,February,1,2024,1,0,FY23-24,6
2024-02-12,12,Monday,2,February,1,2024,0,1,FY23-24,7
2024-02-13,13,Tuesday,2,February,1,2024,0,1,FY23-24,7
2024-02-14,14,Wednesday,2,February,1,2024,0,1,FY23-24,7
2024-02-15,15,Thursday,2,February,1,2024,0,1,FY23-24,7
2024-02-16,16,Friday,2,February,1,2024,0,1,FY23-24,7
2024-02-17,17,Saturday,2,February,1,2024,1,0,FY23-24,7
2024-02-18,18,Sunday,2,February,1,2024,1,0,FY23-24,7
2024-02-19,19,Monday,2,February,1,2024,0,1,FY23-24,8
2024-02-20,20,Tuesday,2,February,1,2024,0,1,FY23-24,8
2024-02-21,21,Wednesday,2,February,1,2024,0,1,FY23-24,8
2024-02-22,22,Thursday,2,February,1,2024,0,1,FY23-24,8
2024-02-23,23,Friday,2,February,1,2024,0,1,FY23-24,8
2024-02-24,24,Saturday,2,February,1,2024,1,0,FY23-24,8
2024-02-25,25,Sunday,2,February,1,2024,1,0,FY23-24,8
2024-02-26,26,Monday,2,February,1,2024,0,1,FY23-24,9
2024-02-27,27,Tuesday,2,February,1,2024,0,1,FY23-24,9
2024-02-28,28,Wednesday,2,February,1,2024,0,1,FY23-24,9
2024-02-29,29,Thursday,2,February,1,2024,0,1,FY23-24,9
2024-03-01,1,Friday,3,March,1,2024,0,1,FY23-24,9
2024-03-02,2,Saturday,3,March,1,2024,1,0,FY23-24,9
2024-03-03,3,Sunday,3,March,1,2024,1,0,FY23-24,9
2024-03-04,4,Monday,3,March,1,2024,0,1,FY23-24,10
2024-03-05,5,Tuesday,3,March,1,2024,0,1,FY23-24,10
2024-03-06,6,Wednesday,3,March,1,2024,0,1,FY23-24,10
2024-03-07,7,Thursday,3,March,1,2024,0,1,FY23-24,10
2024-03-08,8,Friday,3,March,1,2024,0,1,FY23-24,10
2024-03-09,9,Saturday,3,March,1,2024,1,0,FY23-24,10
2024-03-10,10,Sunday,3,March,1,2024,1,0,FY23-24,10
2024-03-11,11,Monday,3,March,1,2024,0,1,FY23-24,11
2024-03-12,12,Tuesday,3,March,1,2024,0,1,FY23-24,11
2024-03-13,13,Wednesday,3,March,1,2024,0,1,FY23-24,11
2024-03-14,14,Thursday,3,March,1,2024,0,1,FY23-24,11
2024-03-15,15,Friday,3,March,1,2024,0,1,FY23-24,11
2024-03-16,16,Saturday,3,March,1,2024,1,0,FY23-24,11
2024-03-17,17,Sunday,3,March,1,2024,1,0,FY23-24,11
2024-03-18,18,Monday,3,March,1,2024,0,1,FY23-24,12
2024-03-19,19,Tuesday,3,March,1,2024,0,1,FY23-24,12
2024-03-20,20,Wednesday,3,March,1,2024,0,1,FY23-24,12
2024-03-21,21,Thursday,3,March,1,2024,0,1,FY23-24,12
2024-03-22,22,Friday,3,March,1,2024,0,1,FY23-24,12
2024-03-23,23,Saturday,3,March,1,2024,1,0,FY23-24,12
2024-03-24,24,Sunday,3,March,1,2024,1,0,FY23-24,12
2024-03-25,25,Monday,3,March,1,2024,0,1,FY23-24,13
2024-03-26,26,Tuesday,3,March,1,2024,0,1,FY23-24,13
2024-03-27,27,Wednesday,3,March,1,2024,0,1,FY23-24,13
2024-03-28,28,Thursday,3,March,1,2024,0,1,FY23-24,13
2024-03-29,29,Friday,3,March,1,2024,0,1,FY23-24,13
2024-03-30,30,Saturday,3,March,1,2024,1,0,FY23-24,13
2024-03-31,31,Sunday,3,March,1,2024,1,0,FY23-24,13
2024-04-01,1,Monday,4,April,2,2024,0,1,FY24-25,14
2024-04-02,2,Tuesday,4,April,2,2024,0,1,FY24-25,14
2024-04-03,3,Wednesday,4,April,2,2024,0,1,FY24-25,14
2024-04-04,4,Thursday,4,April,2,2024,0,1,FY24-25,14
2024-04-05,5,Friday,4,April,2,2024,0,1,FY24-25,14
2024-04-06,6,Saturday,4,April,2,2024,1,0,FY24-25,14
2024-04-07,7,Sunday,4,April,2,2024,1,0,FY24-25,14
2024-04-08,8,Monday,4,April,2,2024,0,1,FY24-25,15
2024-04-09,9,Tuesday,4,April,2,2024,0,1,FY24-25,15
2024-04-10,10,Wednesday,4,April,2,2024,0,1,FY24-25,15
2024-04-11,11,Thursday,4,April,2,2024,0,1,FY24-25,15
2024-04-12,12,Friday,4,April,2,2024,0,1,FY24-25,15
2024-04-13,13,Saturday,4,April,2,2024,1,0,FY24-25,15
2024-04-14,14,Sunday,4,April,2,2024,1,0,FY24-25,15
2024-04-15,15,Monday,4,April,2,2024,0,1,FY24-25,16
2024-04-16,16,Tuesday,4,April,2,2024,0,1,FY24-25,16
2024-04-17,17,Wednesday,4,April,2,2024,0,1,FY24-25,16
2024-04-18,18,Thursday,4,April,2,2024,0,1,FY24-25,16
2024-04-19,19,Friday,4,April,2,2024,0,1,FY24-25,16
2024-04-20,20,Saturday,4,April,2,2024,1,0,FY24-25,16
2024-04-21,21,Sunday,4,April,2,2024,1,0,FY24-25,16
2024-04-22,22,Monday,4,April,2,2024,0,1,FY24-25,17
2024-04-23,23,Tuesday,4,April,2,2024,0,1,FY24-25,17
2024-04-24,24,Wednesday,4,April,2,2024,0,1,FY24-25,17
2024-04-25,25,Thursday,4,April,2,2024,0,1,FY24-25,17
2024-04-26,26,Friday,4,April,2,2024,0,1,FY24-25,17
2024-04-27,27,Saturday,4,April,2,2024,1,0,FY24-25,17
2024-04-28,28,Sunday,4,April,2,2024,1,0,FY24-25,17
2024-04-29,29,Monday,4,April,2,2024,0,1,FY24-25,18
2024-04-30,30,Tuesday,4,April,2,2024,0,1,FY24-25,18
2024-05-01,1,Wednesday,5,May,2,2024,0,1,FY24-25,18
2024-05-02,2,Thursday,5,May,2,2024,0,1,FY24-25,18
2024-05-03,3,Friday,5,May,2,2024,0,1,FY24-25,18
2024-05-04,4,Saturday,5,May,2,2024,1,0,FY24-25,18
2024-05-05,5,Sunday,5,May,2,2024,1,0,FY24-25,18
2024-05-06,6,Monday,5,May,2,2024,0,1,FY24-25,19
2024-05-07,7,Tuesday,5,May,2,2024,0,1,FY24-25,19
2024-05-08,8,Wednesday,5,May,2,2024,0,1,FY24-25,19
2024-05-09,9,Thursday,5,May,2,2024,0,1,FY24-25,19
2024-05-10,10,Friday,5,May,2,2024,0,1,FY24-25,19
2024-05-11,11,Saturday,5,May,2,2024,1,0,FY24-25,19
2024-05-12,12,Sunday,5,May,2,2024,1,0,FY24-25,19
2024-05-13,13,Monday,5,May,2,2024,0,1,FY24-25,20
2024-05-14,14,Tuesday,5,May,2,2024,0,1,FY24-25,20
2024-05-15,15,Wednesday,5,May,2,2024,0,1,FY24-25,20
2024-05-16,16,Thursday,5,May,2,2024,0,1,FY24-25,20
2024-05-17,17,Friday,5,May,2,2024,0,1,FY24-25,20
2024-05-18,18,Saturday,5,May,2,2024,1,0,FY24-25,20
2024-05-19,19,Sunday,5,May,2,2024,1,0,FY24-25,20
2024-05-20,20,Monday,5,May,2,2024,0,1,FY24-25,21
2024-05-21,21,Tuesday,5,May,2,2024,0,1,FY24-25,21
2024-05-22,22,Wednesday,5,May,2,2024,0,1,FY24-25,21
2024-05-23,23,Thursday,5,May,2,2024,0,1,FY24-25,21
2024-05-24,24,Friday,5,May,2,2024,0,1,FY24-25,21
2024-05-25,25,Saturday,5,May,2,2024,1,0,FY24-25,21
2024-05-26,26,Sunday,5,May,2,2024,1,0,FY24-25,21
2024-05-27,27,Monday,5,May,2,2024,0,1,FY24-25,22
2024-05-28,28,Tuesday,5,May,2,2024,0,1,FY24-25,22
2024-05-29,29,Wednesday,5,May,2,2024,0,1,FY24-25,22
2024-05-30,30,Thursday,5,May,2,2024,0,1,FY24-25,22
2024-05-31,31,Friday,5,May,2,2024,0,1,FY24-25,22
2024-06-01,1,Saturday,6,June,2,2024,1,0,FY24-25,22
2024-06-02,2,Sunday,6,June,2,2024,1,0,FY24-25,22
2024-06-03,3,Monday,6,June,2,2024,0,1,FY24-25,23
2024-06-04,4,Tuesday,6,June,2,2024,0,1,FY24-25,23
2024-06-05,5,Wednesday,6,June,2,2024,0,1,FY24-25,23
2024-06-06,6,Thursday,6,June,2,2024,0,1,FY24-25,23
2024-06-07,7,Friday,6,June,2,2024,0,1,FY24-25,23
2024-06-08,8,Saturday,6,June,2,2024,1,0,FY24-25,23
2024-06-09,9,Sunday,6,June,2,2024,1,0,FY24-25,23
2024-06-10,10,Monday,6,June,2,2024,0,1,FY24-25,24
2024-06-11,11,Tuesday,6,June,2,2024,0,1,FY24-25,24
2024-06-12,12,Wednesday,6,June,2,2024,0,1,FY24-25,24
2024-06-13,13,Thursday,6,June,2,2024,0,1,FY24-25,24
2024-06-14,14,Friday,6,June,2,2024,0,1,FY24-25,24
2024-06-15,15,Saturday,6,June,2,2024,1,0,FY24-25,24
2024-06-16,16,Sunday,6,June,2,2024,1,0,FY24-25,24
2024-06-17,17,Monday,6,June,2,2024,0,1,FY24-25,25
2024-06-18,18,Tuesday,6,June,2,2024,0,1,FY24-25,25
2024-06-19,19,Wednesday,6,June,2,2024,0,1,FY24-25,25
2024-06-20,20,Thursday,6,June,2,2024,0,1,FY24-25,25
2024-06-21,21,Friday,6,June,2,2024,0,1,FY24-25,25
2024-06-22,22,Saturday,6,June,2,2024,1,0,FY24-25,25
2024-06-23,23,Sunday,6,June,2,2024,1,0,FY24-25,25
2024-06-24,24,Monday,6,June,2,2024,0,1,FY24-25,26
2024-06-25,25,Tuesday,6,June,2,2024,0,1,FY24-25,26
2024-06-26,26,Wednesday,6,June,2,2024,0,1,FY24-25,26
2024-06-27,27,Thursday,6,June,2,2024,0,1,FY24-25,26
2024-06-28,28,Friday,6,June,2,2024,0,1,FY24-25,26
2024-06-29,29,Saturday,6,June,2,2024,1,0,FY24-25,26
2024-06-30,30,Sunday,6,June,2,2024,1,0,FY24-25,26
2024-07-01,1,Monday,7,July,3,2024,0,1,FY24-25,27
2024-07-02,2,Tuesday,7,July,3,2024,0,1,FY24-25,27
2024-07-03,3,Wednesday,7,July,3,2024,0,1,FY24-25,27
2024-07-04,4,Thursday,7,July,3,2024,0,1,FY24-25,27
2024-07-05,5,Friday,7,July,3,2024,0,1,FY24-25,27
2024-07-06,6,Saturday,7,July,3,2024,1,0,FY24-25,27
2024-07-07,7,Sunday,7,July,3,2024,1,0,FY24-25,27
2024-07-08,8,Monday,7,July,3,2024,0,1,FY24-25,28
2024-07-09,9,Tuesday,7,July,3,2024,0,1,FY24-25,28
2024-07-10,10,Wednesday,7,July,3,2024,0,1,FY24-25,28
2024-07-11,11,Thursday,7,July,3,2024,0,1,FY24-25,28
2024-07-12,12,Friday,7,July,3,2024,0,1,FY24-25,28
2024-07-13,13,Saturday,7,July,3,2024,1,0,FY24-25,28
2024-07-14,14,Sunday,7,July,3,2024,1,0,FY24-25,28
2024-07-15,15,Monday,7,July,3,2024,0,1,FY24-25,29
2024-07-16,16,Tuesday,7,July,3,2024,0,1,FY24-25,29
2024-07-17,17,Wednesday,7,July,3,2024,0,1,FY24-25,29
2024-07-18,18,Thursday,7,July,3,2024,0,1,FY24-25,29
2024-07-19,19,Friday,7,July,3,2024,0,1,FY24-25,29
2024-07-20,20,Saturday,7,July,3,2024,1,0,FY24-25,29
2024-07-21,21,Sunday,7,July,3,2024,1,0,FY24-25,29
2024-07-22,22,Monday,7,July,3,2024,0,1,FY24-25,30
2024-07-23,23,Tuesday,7,July,3,2024,0,1,FY24-25,30
2024-07-24,24,Wednesday,7,July,3,2024,0,1,FY24-25,30
2024-07-25,25,Thursday,7,July,3,2024,0,1,FY24-25,30
2024-07-26,26,Friday,7,July,3,2024,0,1,FY24-25,30
2024-07-27,27,Saturday,7,July,3,2024,1,0,FY24-25,30
2024-07-28,28,Sunday,7,July,3,2024,1,0,FY24-25,30
2024-07-29,29,Monday,7,July,3,2024,0,1,FY24-25,31
2024-07-30,30,Tuesday,7,July,3,2024,0,1,FY24-25,31
2024-07-31,31,Wednesday,7,July,3,2024,0,1,FY24-25,31
2024-08-01,1,Thursday,8,August,3,2024,0,1,FY24-25,31
2024-08-02,2,Friday,8,August,3,2024,0,1,FY24-25,31
2024-08-03,3,Saturday,8,August,3,2024,1,0,FY24-25,31
2024-08-04,4,Sunday,8,August,3,2024,1,0,FY24-25,31
2024-08-05,5,Monday,8,August,3,2024,0,1,FY24-25,32
2024-08-06,6,Tuesday,8,August,3,2024,0,1,FY24-25,32
2024-08-07,7,Wednesday,8,August,3,2024,0,1,FY24-25,32
2024-08-08,8,Thursday,8,August,3,2024,0,1,FY24-25,32
2024-08-09,9,Friday,8,August,3,2024,0,1,FY24-25,32
2024-08-10,10,Saturday,8,August,3,2024,1,0,FY24-25,32
2024-08-11,11,Sunday,8,August,3,2024,1,0,FY24-25,32
2024-08-12,12,Monday,8,August,3,2024,0,1,FY24-25,33
2024-08-13,13,Tuesday,8,August,3,2024,0,1,FY24-25,33
2024-08-14,14,Wednesday,8,August,3,2024,0,1,FY24-25,33
2024-08-15,15,Thursday,8,August,3,2024,0,1,FY24-25,33
2024-08-16,16,Friday,8,August,3,2024,0,1,FY24-25,33
2024-08-17,17,Saturday,8,August,3,2024,1,0,FY24-25,33
2024-08-18,18,Sunday,8,August,3,2024,1,0,FY24-25,33
2024-08-19,19,Monday,8,August,3,2024,0,1,FY24-25,34
2024-08-20,20,Tuesday,8,August,3,2024,0,1,FY24-25,34
2024-08-21,21,Wednesday,8,August,3,2024,0,1,FY24-25,34
2024-08-22,22,Thursday,8,August,3,2024,0,1,FY24-25,34
2024-08-23,23,Friday,8,August,3,2024,0,1,FY24-25,34
2024-08-24,24,Saturday,8,August,3,2024,1,0,FY24-25,34
2024-08-25,25,Sunday,8,August,3,2024,1,0,FY24-25,34
2024-08-26,26,Monday,8,August,3,2024,0,1,FY24-25,35
2024-08-27,27,Tuesday,8,August,3,2024,0,1,FY24-25,35
2024-08-28,28,Wednesday,8,August,3,2024,0,1,FY24-25,35
2024-08-29,29,Thursday,8,August,3,2024,0,1,FY24-25,35
2024-08-30,30,Friday,8,August,3,2024,0,1,FY24-25,35
2024-08-31,31,Saturday,8,August,3,2024,1,0,FY24-25,35
2024-09-01,1,Sunday,9,September,3,2024,1,0,FY24-25,35
2024-09-02,2,Monday,9,September,3,2024,0,1,FY24-25,36
2024-09-03,3,Tuesday,9,September,3,2024,0,1,FY24-25,36
2024-09-04,4,Wednesday,9,September,3,2024,0,1,FY24-25,36
2024-09-05,5,Thursday,9,September,3,2024,0,1,FY24-25,36
2024-09-06,6,Friday,9,September,3,2024,0,1,FY24-25,36
2024-09-07,7,Saturday,9,September,3,2024,1,0,FY24-25,36
2024-09-08,8,Sunday,9,September,3,2024,1,0,FY24-25,36
2024-09-09,9,Monday,9,September,3,2024,0,1,FY24-25,37
2024-09-10,10,Tuesday,9,September,3,2024,0,1,FY24-25,37
2024-09-11,11,Wednesday,9,September,3,2024,0,1,FY24-25,37
2024-09-12,12,Thursday,9,September,3,2024,0,1,FY24-25,37
2024-09-13,13,Friday,9,September,3,2024,0,1,FY24-25,37
2024-09-14,14,Saturday,9,September,3,2024,1,0,FY24-25,37
2024-09-15,15,Sunday,9,September,3,2024,1,0,FY24-25,37
2024-09-16,16,Monday,9,September,3,2024,0,1,FY24-25,38
2024-09-17,17,Tuesday,9,September,3,2024,0,1,FY24-25,38
2024-09-18,18,Wednesday,9,September,3,2024,0,1,FY24-25,38
2024-09-19,19,Thursday,9,September,3,2024,0,1,FY24-25,38
2024-09-20,20,Friday,9,September,3,2024,0,1,FY24-25,38
2024-09-21,21,Saturday,9,September,3,2024,1,0,FY24-25,38
2024-09-22,22,Sunday,9,September,3,2024,1,0,FY24-25,38
2024-09-23,23,Monday,9,September,3,2024,0,1,FY24-25,39
2024-09-24,24,Tuesday,9,September,3,2024,0,1,FY24-25,39
2024-09-25,25,Wednesday,9,September,3,2024,0,1,FY24-25,39
2024-09-26,26,Thursday,9,September,3,2024,0,1,FY24-25,39
2024-09-27,27,Friday,9,September,3,2024,0,1,FY24-25,39
2024-09-28,28,Saturday,9,September,3,2024,1,0,FY24-25,39
2024-09-29,29,Sunday,9,September,3,2024,1,0,FY24-25,39
2024-09-30,30,Monday,9,September,3,2024,0,1,FY24-25,40
2024-10-01,1,Tuesday,10,October,4,2024,0,1,FY24-25,40
2024-10-02,2,Wednesday,10,October,4,2024,0,1,FY24-25,40
2024-10-03,3,Thursday,10,October,4,2024,0,1,FY24-25,40
2024-10-04,4,Friday,10,October,4,2024,0,1,FY24-25,40
2024-10-05,5,Saturday,10,October,4,2024,1,0,FY24-25,40
2024-10-06,6,Sunday,10,October,4,2024,1,0,FY24-25,40
2024-10-07,7,Monday,10,October,4,2024,0,1,FY24-25,41
2024-10-08,8,Tuesday,10,October,4,2024,0,1,FY24-25,41
2024-10-09,9,Wednesday,10,October,4,2024,0,1,FY24-25,41
2024-10-10,10,Thursday,10,October,4,2024,0,1,FY24-25,41
2024-10-11,11,Friday,10,October,4,2024,0,1,FY24-25,41
2024-10-12,12,Saturday,10,October,4,2024,1,0,FY24-25,41
2024-10-13,13,Sunday,10,October,4,2024,1,0,FY24-25,41
2024-10-14,14,Monday,10,October,4,2024,0,1,FY24-25,42
2024-10-15,15,Tuesday,10,October,4,2024,0,1,FY24-25,42
2024-10-16,16,Wednesday,10,October,4,2024,0,1,FY24-25,42
2024-10-17,17,Thursday,10,October,4,2024,0,1,FY24-25,42
2024-10-18,18,Friday,10,October,4,2024,0,1,FY24-25,42
2024-10-19,19,Saturday,10,October,4,2024,1,0,FY24-25,42
2024-10-20,20,Sunday,10,October,4,2024,1,0,FY24-25,42
2024-10-21,21,Monday,10,October,4,2024,0,1,FY24-25,43
2024-10-22,22,Tuesday,10,October,4,2024,0,1,FY24-25,43
2024-10-23,23,Wednesday,10,October,4,2024,0,1,FY24-25,43
2024-10-24,24,Thursday,10,October,4,2024,0,1,FY24-25,43
2024-10-25,25,Friday,10,October,4,2024,0,1,FY24-25,43
2024-10-26,26,Saturday,10,October,4,2024,1,0,FY24-25,43
2024-10-27,27,Sunday,10,October,4,2024,1,0,FY24-25,43
2024-10-28,28,Monday,10,October,4,2024,0,1,FY24-25,44
2024-10-29,29,Tuesday,10,October,4,2024,0,1,FY24-25,44
2024-10-30,30,Wednesday,10,October,4,2024,0,1,FY24-25,44
2024-10-31,31,Thursday,10,October,4,2024,0,1,FY24-25,44
2024-11-01,1,Friday,11,November,4,2024,0,1,FY24-25,44
2024-11-02,2,Saturday,11,November,4,2024,1,0,FY24-25,44
2024-11-03,3,Sunday,11,November,4,2024,1,0,FY24-25,44
2024-11-04,4,Monday,11,November,4,2024,0,1,FY24-25,45
2024-11-05,5,Tuesday,11,November,4,2024,0,1,FY24-25,45
2024-11-06,6,Wednesday,11,November,4,2024,0,1,FY24-25,45
2024-11-07,7,Thursday,11,November,4,2024,0,1,FY24-25,45
2024-11-08,8,Friday,11,November,4,2024,0,1,FY24-25,45
2024-11-09,9,Saturday,11,November,4,2024,1,0,FY24-25,45
2024-11-10,10,Sunday,11,November,4,2024,1,0,FY24-25,45
2024-11-11,11,Monday,11,November,4,2024,0,1,FY24-25,46
2024-11-12,12,Tuesday,11,November,4,2024,0,1,FY24-25,46
2024-11-13,13,Wednesday,11,November,4,2024,0,1,FY24-25,46
2024-11-14,14,Thursday,11,November,4,2024,0,1,FY24-25,46
2024-11-15,15,Friday,11,November,4,2024,0,1,FY24-25,46
2024-11-16,16,Saturday,11,November,4,2024,1,0,FY24-25,46
2024-11-17,17,Sunday,11,November,4,2024,1,0,FY24-25,46
2024-11-18,18,Monday,11,November,4,2024,0,1,FY24-25,47
2024-11-19,19,Tuesday,11,November,4,2024,0,1,FY24-25,47
2024-11-20,20,Wednesday,11,November,4,2024,0,1,FY24-25,47
2024-11-21,21,Thursday,11,November,4,2024,0,1,FY24-25,47
2024-11-22,22,Friday,11,November,4,2024,0,1,FY24-25,47
2024-11-23,23,Saturday,11,November,4,2024,1,0,FY24-25,47
2024-11-24,24,Sunday,11,November,4,2024,1,0,FY24-25,47
2024-11-25,25,Monday,11,November,4,2024,0,1,FY24-25,48
2024-11-26,26,Tuesday,11,November,4,2024,0,1,FY24-25,48
2024-11-27,27,Wednesday,11,November,4,2024,0,1,FY24-25,48
2024-11-28,28,Thursday,11,November,4,2024,0,1,FY24-25,48
2024-11-29,29,Friday,11,November,4,2024,0,1,FY24-25,48
2024-11-30,30,Saturday,11,November,4,2024,1,0,FY24-25,48
2024-12-01,1,Sunday,12,December,4,2024,1,0,FY24-25,48
2024-12-02,2,Monday,12,December,4,2024,0,1,FY24-25,49
2024-12-03,3,Tuesday,12,December,4,2024,0,1,FY24-25,49
2024-12-04,4,Wednesday,12,December,4,2024,0,1,FY24-25,49
2024-12-05,5,Thursday,12,December,4,2024,0,1,FY24-25,49
2024-12-06,6,Friday,12,December,4,2024,0,1,FY24-25,49
2024-12-07,7,Saturday,12,December,4,2024,1,0,FY24-25,49
2024-12-08,8,Sunday,12,December,4,2024,1,0,FY24-25,49
2024-12-09,9,Monday,12,December,4,2024,0,1,FY24-25,50
2024-12-10,10,Tuesday,12,December,4,2024,0,1,FY24-25,50
2024-12-11,11,Wednesday,12,December,4,2024,0,1,FY24-25,50
2024-12-12,12,Thursday,12,December,4,2024,0,1,FY24-25,50
2024-12-13,13,Friday,12,December,4,2024,0,1,FY24-25,50
2024-12-14,14,Saturday,12,December,4,2024,1,0,FY24-25,50
2024-12-15,15,Sunday,12,December,4,2024,1,0,FY24-25,50
2024-12-16,16,Monday,12,December,4,2024,0,1,FY24-25,51
2024-12-17,17,Tuesday,12,December,4,2024,0,1,FY24-25,51
2024-12-18,18,Wednesday,12,December,4,2024,0,1,FY24-25,51
2024-12-19,19,Thursday,12,December,4,2024,0,1,FY24-25,51
2024-12-20,20,Friday,12,December,4,2024,0,1,FY24-25,51
2024-12-21,21,Saturday,12,December,4,2024,1,0,FY24-25,51
2024-12-22,22,Sunday,12,December,4,2024,1,0,FY24-25,51
2024-12-23,23,Monday,12,December,4,2024,0,1,FY24-25,52
2024-12-24,24,Tuesday,12,December,4,2024,0,1,FY24-25,52
2024-12-25,25,Wednesday,12,December,4,2024,0,1,FY24-25,52
2024-12-26,26,Thursday,12,December,4,2024,0,1,FY24-25,52
2024-12-27,27,Friday,12,December,4,2024,0,1,FY24-25,52
2024-12-28,28,Saturday,12,December,4,2024,1,0,FY24-25,52
2024-12-29,29,Sunday,12,December,4,2024,1,0,FY24-25,52
2024-12-30,30,Monday,12,December,4,2024,0,1,FY24-25,1
2024-12-31,31,Tuesday,12,December,4,2024,0,1,FY24-25,1
2025-01-01,1,Wednesday,1,January,1,2025,0,1,FY24-25,1
2025-01-02,2,Thursday,1,January,1,2025,0,1,FY24-25,1
2025-01-03,3,Friday,1,January,1,2025,0,1,FY24-25,1
2025-01-04,4,Saturday,1,January,1,2025,1,0,FY24-25,1
2025-01-05,5,Sunday,1,January,1,2025,1,0,FY24-25,1
2025-01-06,6,Monday,1,January,1,2025,0,1,FY24-25,2
2025-01-07,7,Tuesday,1,January,1,2025,0,1,FY24-25,2
2025-01-08,8,Wednesday,1,January,1,2025,0,1,FY24-25,2
2025-01-09,9,Thursday,1,January,1,2025,0,1,FY24-25,2
2025-01-10,10,Friday,1,January,1,2025,0,1,FY24-25,2
2025-01-11,11,Saturday,1,January,1,2025,1,0,FY24-25,2
2025-01-12,12,Sunday,1,January,1,2025,1,0,FY24-25,2
2025-01-13,13,Monday,1,January,1,2025,0,1,FY24-25,3
2025-01-14,14,Tuesday,1,January,1,2025,0,1,FY24-25,3
2025-01-15,15,Wednesday,1,January,1,2025,0,1,FY24-25,3
2025-01-16,16,Thursday,1,January,1,2025,0,1,FY24-25,3
2025-01-17,17,Friday,1,January,1,2025,0,1,FY24-25,3
2025-01-18,18,Saturday,1,January,1,2025,1,0,FY24-25,3
2025-01-19,19,Sunday,1,January,1,2025,1,0,FY24-25,3
2025-01-20,20,Monday,1,January,1,2025,0,1,FY24-25,4
2025-01-21,21,Tuesday,1,January,1,2025,0,1,FY24-25,4
2025-01-22,22,Wednesday,1,January,1,2025,0,1,FY24-25,4
2025-01-23,23,Thursday,1,January,1,2025,0,1,FY24-25,4
2025-01-24,24,Friday,1,January,1,2025,0,1,FY24-25,4
2025-01-25,25,Saturday,1,January,1,2025,1,0,FY24-25,4
2025-01-26,26,Sunday,1,January,1,2025,1,0,FY24-25,4
2025-01-27,27,Monday,1,January,1,2025,0,1,FY24-25,5
2025-01-28,28,Tuesday,1,January,1,2025,0,1,FY24-25,5
2025-01-29,29,Wednesday,1,January,1,2025,0,1,FY24-25,5
2025-01-30,30,Thursday,1,January,1,2025,0,1,FY24-25,5
2025-01-31,31,Friday,1,January,1,2025,0,1,FY24-25,5
2025-02-01,1,Saturday,2,February,1,2025,1,0,FY24-25,5
2025-02-02,2,Sunday,2,February,1,2025,1,0,FY24-25,5
2025-02-03,3,Monday,2,February,1,2025,0,1,FY24-25,6
2025-02-04,4,Tuesday,2,February,1,2025,0,1,FY24-25,6
2025-02-05,5,Wednesday,2,February,1,2025,0,1,FY24-25,6
2025-02-06,6,Thursday,2,February,1,2025,0,1,FY24-25,6
2025-02-07,7,Friday,2,February,1,2025,0,1,FY24-25,6
2025-02-08,8,Saturday,2,February,1,2025,1,0,FY24-25,6
2025-02-09,9,Sunday,2,February,1,2025,1,0,FY24-25,6
2025-02-10,10,Monday,2,February,1,2025,0,1,FY24-25,7
2025-02-11,11,Tuesday,2,February,1,2025,0,1,FY24-25,7
2025-02-12,12,Wednesday,2,February,1,2025,0,1,FY24-25,7
2025-02-13,13,Thursday,2,February,1,2025,0,1,FY24-25,7
2025-02-14,14,Friday,2,February,1,2025,0,1,FY24-25,7
2025-02-15,15,Saturday,2,February,1,2025,1,0,FY24-25,7
2025-02-16,16,Sunday,2,February,1,2025,1,0,FY24-25,7
2025-02-17,17,Monday,2,February,1,2025,0,1,FY24-25,8
2025-02-18,18,Tuesday,2,February,1,2025,0,1,FY24-25,8
2025-02-19,19,Wednesday,2,February,1,2025,0,1,FY24-25,8
2025-02-20,20,Thursday,2,February,1,2025,0,1,FY24-25,8
2025-02-21,21,Friday,2,February,1,2025,0,1,FY24-25,8
2025-02-22,22,Saturday,2,February,1,2025,1,0,FY24-25,8
2025-02-23,23,Sunday,2,February,1,2025,1,0,FY24-25,8
2025-02-24,24,Monday,2,February,1,2025,0,1,FY24-25,9
2025-02-25,25,Tuesday,2,February,1,2025,0,1,FY24-25,9
2025-02-26,26,Wednesday,2,February,1,2025,0,1,FY24-25,9
2025-02-27,27,Thursday,2,February,1,2025,0,1,FY24-25,9
2025-02-28,28,Friday,2,February,1,2025,0,1,FY24-25,9
2025-03-01,1,Saturday,3,March,1,2025,1,0,FY24-25,9
2025-03-02,2,Sunday,3,March,1,2025,1,0,FY24-25,9
2025-03-03,3,Monday,3,March,1,2025,0,1,FY24-25,10
2025-03-04,4,Tuesday,3,March,1,2025,0,1,FY24-25,10
2025-03-05,5,Wednesday,3,March,1,2025,0,1,FY24-25,10
2025-03-06,6,Thursday,3,March,1,2025,0,1,FY24-25,10
2025-03-07,7,Friday,3,March,1,2025,0,1,FY24-25,10
2025-03-08,8,Saturday,3,March,1,2025,1,0,FY24-25,10
2025-03-09,9,Sunday,3,March,1,2025,1,0,FY24-25,10
2025-03-10,10,Monday,3,March,1,2025,0,1,FY24-25,11
2025-03-11,11,Tuesday,3,March,1,2025,0,1,FY24-25,11
2025-03-12,12,Wednesday,3,March,1,2025,0,1,FY24-25,11
2025-03-13,13,Thursday,3,March,1,2025,0,1,FY24-25,11
2025-03-14,14,Friday,3,March,1,2025,0,1,FY24-25,11
2025-03-15,15,Saturday,3,March,1,2025,1,0,FY24-25,11
2025-03-16,16,Sunday,3,March,1,2025,1,0,FY24-25,11
2025-03-17,17,Monday,3,March,1,2025,0,1,FY24-25,12
2025-03-18,18,Tuesday,3,March,1,2025,0,1,FY24-25,12
2025-03-19,19,Wednesday,3,March,1,2025,0,1,FY24-25,12
2025-03-20,20,Thursday,3,March,1,2025,0,1,FY24-25,12
2025-03-21,21,Friday,3,March,1,2025,0,1,FY24-25,12
2025-03-22,22,Saturday,3,March,1,2025,1,0,FY24-25,12
2025-03-23,23,Sunday,3,March,1,2025,1,0,FY24-25,12
2025-03-24,24,Monday,3,March,1,2025,0,1,FY24-25,13
2025-03-25,25,Tuesday,3,March,1,2025,0,1,FY24-25,13
2025-03-26,26,Wednesday,3,March,1,2025,0,1,FY24-25,13
2025-03-27,27,Thursday,3,March,1,2025,0,1,FY24-25,13
2025-03-28,28,Friday,3,March,1,2025,0,1,FY24-25,13
2025-03-29,29,Saturday,3,March,1,2025,1,0,FY24-25,13
2025-03-30,30,Sunday,3,March,1,2025,1,0,FY24-25,13
2025-03-31,31,Monday,3,March,1,2025,0,1,FY24-25,14
2025-04-01,1,Tuesday,4,April,2,2025,0,1,FY25-26,14
2025-04-02,2,Wednesday,4,April,2,2025,0,1,FY25-26,14
2025-04-03,3,Thursday,4,April,2,2025,0,1,FY25-26,14
2025-04-04,4,Friday,4,April,2,2025,0,1,FY25-26,14
2025-04-05,5,Saturday,4,April,2,2025,1,0,FY25-26,14
2025-04-06,6,Sunday,4,April,2,2025,1,0,FY25-26,14
2025-04-07,7,Monday,4,April,2,2025,0,1,FY25-26,15
2025-04-08,8,Tuesday,4,April,2,2025,0,1,FY25-26,15
2025-04-09,9,Wednesday,4,April,2,2025,0,1,FY25-26,15
2025-04-10,10,Thursday,4,April,2,2025,0,1,FY25-26,15
2025-04-11,11,Friday,4,April,2,2025,0,1,FY25-26,15
2025-04-12,12,Saturday,4,April,2,2025,1,0,FY25-26,15
2025-04-13,13,Sunday,4,April,2,2025,1,0,FY25-26,15
2025-04-14,14,Monday,4,April,2,2025,0,1,FY25-26,16
2025-04-15,15,Tuesday,4,April,2,2025,0,1,FY25-26,16
2025-04-16,16,Wednesday,4,April,2,2025,0,1,FY25-26,16
2025-04-17,17,Thursday,4,April,2,2025,0,1,FY25-26,16
2025-04-18,18,Friday,4,April,2,2025,0,1,FY25-26,16
2025-04-19,19,Saturday,4,April,2,2025,1,0,FY25-26,16
2025-04-20,20,Sunday,4,April,2,2025,1,0,FY25-26,16
2025-04-21,21,Monday,4,April,2,2025,0,1,FY25-26,17
2025-04-22,22,Tuesday,4,April,2,2025,0,1,FY25-26,17
2025-04-23,23,Wednesday,4,April,2,2025,0,1,FY25-26,17
2025-04-24,24,Thursday,4,April,2,2025,0,1,FY25-26,17
2025-04-25,25,Friday,4,April,2,2025,0,1,FY25-26,17
2025-04-26,26,Saturday,4,April,2,2025,1,0,FY25-26,17
2025-04-27,27,Sunday,4,April,2,2025,1,0,FY25-26,17
2025-04-28,28,Monday,4,April,2,2025,0,1,FY25-26,18
2025-04-29,29,Tuesday,4,April,2,2025,0,1,FY25-26,18
2025-04-30,30,Wednesday,4,April,2,2025,0,1,FY25-26,18
2025-05-01,1,Thursday,5,May,2,2025,0,1,FY25-26,18
2025-05-02,2,Friday,5,May,2,2025,0,1,FY25-26,18
2025-05-03,3,Saturday,5,May,2,2025,1,0,FY25-26,18
2025-05-04,4,Sunday,5,May,2,2025,1,0,FY25-26,18
2025-05-05,5,Monday,5,May,2,2025,0,1,FY25-26,19
2025-05-06,6,Tuesday,5,May,2,2025,0,1,FY25-26,19
2025-05-07,7,Wednesday,5,May,2,2025,0,1,FY25-26,19
2025-05-08,8,Thursday,5,May,2,2025,0,1,FY25-26,19
2025-05-09,9,Friday,5,May,2,2025,0,1,FY25-26,19
2025-05-10,10,Saturday,5,May,2,2025,1,0,FY25-26,19
2025-05-11,11,Sunday,5,May,2,2025,1,0,FY25-26,19
2025-05-12,12,Monday,5,May,2,2025,0,1,FY25-26,20
2025-05-13,13,Tuesday,5,May,2,2025,0,1,FY25-26,20
2025-05-14,14,Wednesday,5,May,2,2025,0,1,FY25-26,20
2025-05-15,15,Thursday,5,May,2,2025,0,1,FY25-26,20
2025-05-16,16,Friday,5,May,2,2025,0,1,FY25-26,20
2025-05-17,17,Saturday,5,May,2,2025,1,0,FY25-26,20
2025-05-18,18,Sunday,5,May,2,2025,1,0,FY25-26,20
2025-05-19,19,Monday,5,May,2,2025,0,1,FY25-26,21
2025-05-20,20,Tuesday,5,May,2,2025,0,1,FY25-26,21
2025-05-21,21,Wednesday,5,May,2,2025,0,1,FY25-26,21
2025-05-22,22,Thursday,5,May,2,2025,0,1,FY25-26,21
2025-05-23,23,Friday,5,May,2,2025,0,1,FY25-26,21
2025-05-24,24,Saturday,5,May,2,2025,1,0,FY25-26,21
2025-05-25,25,Sunday,5,May,2,2025,1,0,FY25-26,21
2025-05-26,26,Monday,5,May,2,2025,0,1,FY25-26,22
2025-05-27,27,Tuesday,5,May,2,2025,0,1,FY25-26,22
2025-05-28,28,Wednesday,5,May,2,2025,0,1,FY25-26,22
2025-05-29,29,Thursday,5,May,2,2025,0,1,FY25-26,22
2025-05-30,30,Friday,5,May,2,2025,0,1,FY25-26,22
2025-05-31,31,Saturday,5,May,2,2025,1,0,FY25-26,22
2025-06-01,1,Sunday,6,June,2,2025,1,0,FY25-26,22
2025-06-02,2,Monday,6,June,2,2025,0,1,FY25-26,23
2025-06-03,3,Tuesday,6,June,2,2025,0,1,FY25-26,23
2025-06-04,4,Wednesday,6,June,2,2025,0,1,FY25-26,23
2025-06-05,5,Thursday,6,June,2,2025,0,1,FY25-26,23
2025-06-06,6,Friday,6,June,2,2025,0,1,FY25-26,23
2025-06-07,7,Saturday,6,June,2,2025,1,0,FY25-26,23
2025-06-08,8,Sunday,6,June,2,2025,1,0,FY25-26,23
2025-06-09,9,Monday,6,June,2,2025,0,1,FY25-26,24
2025-06-10,10,Tuesday,6,June,2,2025,0,1,FY25-26,24
2025-06-11,11,Wednesday,6,June,2,2025,0,1,FY25-26,24
2025-06-12,12,Thursday,6,June,2,2025,0,1,FY25-26,24
2025-06-13,13,Friday,6,June,2,2025,0,1,FY25-26,24
2025-06-14,14,Saturday,6,June,2,2025,1,0,FY25-26,24
2025-06-15,15,Sunday,6,June,2,2025,1,0,FY25-26,24
2025-06-16,16,Monday,6,June,2,2025,0,1,FY25-26,25
2025-06-17,17,Tuesday,6,June,2,2025,0,1,FY25-26,25
2025-06-18,18,Wednesday,6,June,2,2025,0,1,FY25-26,25
2025-06-19,19,Thursday,6,June,2,2025,0,1,FY25-26,25
2025-06-20,20,Friday,6,June,2,2025,0,1,FY25-26,25
2025-06-21,21,Saturday,6,June,2,2025,1,0,FY25-26,25
2025-06-22,22,Sunday,6,June,2,2025,1,0,FY25-26,25
2025-06-23,23,Monday,6,June,2,2025,0,1,FY25-26,26
2025-06-24,24,Tuesday,6,June,2,2025,0,1,FY25-26,26
2025-06-25,25,Wednesday,6,June,2,2025,0,1,FY25-26,26
2025-06-26,26,Thursday,6,June,2,2025,0,1,FY25-26,26
2025-06-27,27,Friday,6,June,2,2025,0,1,FY25-26,26
2025-06-28,28,Saturday,6,June,2,2025,1,0,FY25-26,26
2025-06-29,29,Sunday,6,June,2,2025,1,0,FY25-26,26
2025-06-30,30,Monday,6,June,2,2025,0,1,FY25-26,27
2025-07-01,1,Tuesday,7,July,3,2025,0,1,FY25-26,27
2025-07-02,2,Wednesday,7,July,3,2025,0,1,FY25-26,27
2025-07-03,3,Thursday,7,July,3,2025,0,1,FY25-26,27
2025-07-04,4,Friday,7,July,3,2025,0,1,FY25-26,27
2025-07-05,5,Saturday,7,July,3,2025,1,0,FY25-26,27
2025-07-06,6,Sunday,7,July,3,2025,1,0,FY25-26,27
2025-07-07,7,Monday,7,July,3,2025,0,1,FY25-26,28
2025-07-08,8,Tuesday,7,July,3,2025,0,1,FY25-26,28
2025-07-09,9,Wednesday,7,July,3,2025,0,1,FY25-26,28
2025-07-10,10,Thursday,7,July,3,2025,0,1,FY25-26,28
2025-07-11,11,Friday,7,July,3,2025,0,1,FY25-26,28
2025-07-12,12,Saturday,7,July,3,2025,1,0,FY25-26,28
2025-07-13,13,Sunday,7,July,3,2025,1,0,FY25-26,28
2025-07-14,14,Monday,7,July,3,2025,0,1,FY25-26,29
2025-07-15,15,Tuesday,7,July,3,2025,0,1,FY25-26,29
2025-07-16,16,Wednesday,7,July,3,2025,0,1,FY25-26,29
2025-07-17,17,Thursday,7,July,3,2025,0,1,FY25-26,29
2025-07-18,18,Friday,7,July,3,2025,0,1,FY25-26,29
2025-07-19,19,Saturday,7,July,3,2025,1,0,FY25-26,29
2025-07-20,20,Sunday,7,July,3,2025,1,0,FY25-26,29
2025-07-21,21,Monday,7,July,3,2025,0,1,FY25-26,30
2025-07-22,22,Tuesday,7,July,3,2025,0,1,FY25-26,30
2025-07-23,23,Wednesday,7,July,3,2025,0,1,FY25-26,30
2025-07-24,24,Thursday,7,July,3,2025,0,1,FY25-26,30
2025-07-25,25,Friday,7,July,3,2025,0,1,FY25-26,30
2025-07-26,26,Saturday,7,July,3,2025,1,0,FY25-26,30
2025-07-27,27,Sunday,7,July,3,2025,1,0,FY25-26,30
2025-07-28,28,Monday,7,July,3,2025,0,1,FY25-26,31
2025-07-29,29,Tuesday,7,July,3,2025,0,1,FY25-26,31
2025-07-30,30,Wednesday,7,July,3,2025,0,1,FY25-26,31
2025-07-31,31,Thursday,7,July,3,2025,0,1,FY25-26,31
2025-08-01,1,Friday,8,August,3,2025,0,1,FY25-26,31
2025-08-02,2,Saturday,8,August,3,2025,1,0,FY25-26,31
2025-08-03,3,Sunday,8,August,3,2025,1,0,FY25-26,31
2025-08-04,4,Monday,8,August,3,2025,0,1,FY25-26,32
2025-08-05,5,Tuesday,8,August,3,2025,0,1,FY25-26,32
2025-08-06,6,Wednesday,8,August,3,2025,0,1,FY25-26,32
2025-08-07,7,Thursday,8,August,3,2025,0,1,FY25-26,32
2025-08-08,8,Friday,8,August,3,2025,0,1,FY25-26,32
2025-08-09,9,Saturday,8,August,3,2025,1,0,FY25-26,32
2025-08-10,10,Sunday,8,August,3,2025,1,0,FY25-26,32
2025-08-11,11,Monday,8,August,3,2025,0,1,FY25-26,33
2025-08-12,12,Tuesday,8,August,3,2025,0,1,FY25-26,33
2025-08-13,13,Wednesday,8,August,3,2025,0,1,FY25-26,33
2025-08-14,14,Thursday,8,August,3,2025,0,1,FY25-26,33
2025-08-15,15,Friday,8,August,3,2025,0,1,FY25-26,33
2025-08-16,16,Saturday,8,August,3,2025,1,0,FY25-26,33
2025-08-17,17,Sunday,8,August,3,2025,1,0,FY25-26,33
2025-08-18,18,Monday,8,August,3,2025,0,1,FY25-26,34
2025-08-19,19,Tuesday,8,August,3,2025,0,1,FY25-26,34
2025-08-20,20,Wednesday,8,August,3,2025,0,1,FY25-26,34
2025-08-21,21,Thursday,8,August,3,2025,0,1,FY25-26,34
2025-08-22,22,Friday,8,August,3,2025,0,1,FY25-26,34
2025-08-23,23,Saturday,8,August,3,2025,1,0,FY25-26,34
2025-08-24,24,Sunday,8,August,3,2025,1,0,FY25-26,34
2025-08-25,25,Monday,8,August,3,2025,0,1,FY25-26,35
2025-08-26,26,Tuesday,8,August,3,2025,0,1,FY25-26,35
2025-08-27,27,Wednesday,8,August,3,2025,0,1,FY25-26,35
2025-08-28,28,Thursday,8,August,3,2025,0,1,FY25-26,35
2025-08-29,29,Friday,8,August,3,2025,0,1,FY25-26,35
2025-08-30,30,Saturday,8,August,3,2025,1,0,FY25-26,35
2025-08-31,31,Sunday,8,August,3,2025,1,0,FY25-26,35
2025-09-01,1,Monday,9,September,3,2025,0,1,FY25-26,36
2025-09-02,2,Tuesday,9,September,3,2025,0,1,FY25-26,36
2025-09-03,3,Wednesday,9,September,3,2025,0,1,FY25-26,36
2025-09-04,4,Thursday,9,September,3,2025,0,1,FY25-26,36
2025-09-05,5,Friday,9,September,3,2025,0,1,FY25-26,36
2025-09-06,6,Saturday,9,September,3,2025,1,0,FY25-26,36
2025-09-07,7,Sunday,9,September,3,2025,1,0,FY25-26,36
2025-09-08,8,Monday,9,September,3,2025,0,1,FY25-26,37
2025-09-09,9,Tuesday,9,September,3,2025,0,1,FY25-26,37
2025-09-10,10,Wednesday,9,September,3,2025,0,1,FY25-26,37
2025-09-11,11,Thursday,9,September,3,2025,0,1,FY25-26,37
2025-09-12,12,Friday,9,September,3,2025,0,1,FY25-26,37
2025-09-13,13,Saturday,9,September,3,2025,1,0,FY25-26,37
2025-09-14,14,Sunday,9,September,3,2025,1,0,FY25-26,37
2025-09-15,15,Monday,9,September,3,2025,0,1,FY25-26,38
2025-09-16,16,Tuesday,9,September,3,2025,0,1,FY25-26,38
2025-09-17,17,Wednesday,9,September,3,2025,0,1,FY25-26,38
2025-09-18,18,Thursday,9,September,3,2025,0,1,FY25-26,38
2025-09-19,19,Friday,9,September,3,2025,0,1,FY25-26,38
2025-09-20,20,Saturday,9,September,3,2025,1,0,FY25-26,38
2025-09-21,21,Sunday,9,September,3,2025,1,0,FY25-26,38
2025-09-22,22,Monday,9,September,3,2025,0,1,FY25-26,39
2025-09-23,23,Tuesday,9,September,3,2025,0,1,FY25-26,39
2025-09-24,24,Wednesday,9,September,3,2025,0,1,FY25-26,39
2025-09-25,25,Thursday,9,September,3,2025,0,1,FY25-26,39
2025-09-26,26,Friday,9,September,3,2025,0,1,FY25-26,39
2025-09-27,27,Saturday,9,September,3,2025,1,0,FY25-26,39
2025-09-28,28,Sunday,9,September,3,2025,1,0,FY25-26,39
2025-09-29,29,Monday,9,September,3,2025,0,1,FY25-26,40
2025-09-30,30,Tuesday,9,September,3,2025,0,1,FY25-26,40
2025-10-01,1,Wednesday,10,October,4,2025,0,1,FY25-26,40
2025-10-02,2,Thursday,10,October,4,2025,0,1,FY25-26,40
2025-10-03,3,Friday,10,October,4,2025,0,1,FY25-26,40
2025-10-04,4,Saturday,10,October,4,2025,1,0,FY25-26,40
2025-10-05,5,Sunday,10,October,4,2025,1,0,FY25-26,40
2025-10-06,6,Monday,10,October,4,2025,0,1,FY25-26,41
2025-10-07,7,Tuesday,10,October,4,2025,0,1,FY25-26,41
2025-10-08,8,Wednesday,10,October,4,2025,0,1,FY25-26,41
2025-10-09,9,Thursday,10,October,4,2025,0,1,FY25-26,41
2025-10-10,10,Friday,10,October,4,2025,0,1,FY25-26,41
2025-10-11,11,Saturday,10,October,4,2025,1,0,FY25-26,41
2025-10-12,12,Sunday,10,October,4,2025,1,0,FY25-26,41
2025-10-13,13,Monday,10,October,4,2025,0,1,FY25-26,42
2025-10-14,14,Tuesday,10,October,4,2025,0,1,FY25-26,42
2025-10-15,15,Wednesday,10,October,4,2025,0,1,FY25-26,42
2025-10-16,16,Thursday,10,October,4,2025,0,1,FY25-26,42
2025-10-17,17,Friday,10,October,4,2025,0,1,FY25-26,42
2025-10-18,18,Saturday,10,October,4,2025,1,0,FY25-26,42
2025-10-19,19,Sunday,10,October,4,2025,1,0,FY25-26,42
2025-10-20,20,Monday,10,October,4,2025,0,1,FY25-26,43
2025-10-21,21,Tuesday,10,October,4,2025,0,1,FY25-26,43
2025-10-22,22,Wednesday,10,October,4,2025,0,1,FY25-26,43
2025-10-23,23,Thursday,10,October,4,2025,0,1,FY25-26,43
2025-10-24,24,Friday,10,October,4,2025,0,1,FY25-26,43
2025-10-25,25,Saturday,10,October,4,2025,1,0,FY25-26,43
2025-10-26,26,Sunday,10,October,4,2025,1,0,FY25-26,43
2025-10-27,27,Monday,10,October,4,2025,0,1,FY25-26,44
2025-10-28,28,Tuesday,10,October,4,2025,0,1,FY25-26,44
2025-10-29,29,Wednesday,10,October,4,2025,0,1,FY25-26,44
2025-10-30,30,Thursday,10,October,4,2025,0,1,FY25-26,44
2025-10-31,31,Friday,10,October,4,2025,0,1,FY25-26,44
2025-11-01,1,Saturday,11,November,4,2025,1,0,FY25-26,44
2025-11-02,2,Sunday,11,November,4,2025,1,0,FY25-26,44
2025-11-03,3,Monday,11,November,4,2025,0,1,FY25-26,45
2025-11-04,4,Tuesday,11,November,4,2025,0,1,FY25-26,45
2025-11-05,5,Wednesday,11,November,4,2025,0,1,FY25-26,45
2025-11-06,6,Thursday,11,November,4,2025,0,1,FY25-26,45
2025-11-07,7,Friday,11,November,4,2025,0,1,FY25-26,45
2025-11-08,8,Saturday,11,November,4,2025,1,0,FY25-26,45
2025-11-09,9,Sunday,11,November,4,2025,1,0,FY25-26,45
2025-11-10,10,Monday,11,November,4,2025,0,1,FY25-26,46
2025-11-11,11,Tuesday,11,November,4,2025,0,1,FY25-26,46
2025-11-12,12,Wednesday,11,November,4,2025,0,1,FY25-26,46
2025-11-13,13,Thursday,11,November,4,2025,0,1,FY25-26,46
2025-11-14,14,Friday,11,November,4,2025,0,1,FY25-26,46
2025-11-15,15,Saturday,11,November,4,2025,1,0,FY25-26,46
2025-11-16,16,Sunday,11,November,4,2025,1,0,FY25-26,46
2025-11-17,17,Monday,11,November,4,2025,0,1,FY25-26,47
2025-11-18,18,Tuesday,11,November,4,2025,0,1,FY25-26,47
2025-11-19,19,Wednesday,11,November,4,2025,0,1,FY25-26,47
2025-11-20,20,Thursday,11,November,4,2025,0,1,FY25-26,47
2025-11-21,21,Friday,11,November,4,2025,0,1,FY25-26,47
2025-11-22,22,Saturday,11,November,4,2025,1,0,FY25-26,47
2025-11-23,23,Sunday,11,November,4,2025,1,0,FY25-26,47
2025-11-24,24,Monday,11,November,4,2025,0,1,FY25-26,48
2025-11-25,25,Tuesday,11,November,4,2025,0,1,FY25-26,48
2025-11-26,26,Wednesday,11,November,4,2025,0,1,FY25-26,48
2025-11-27,27,Thursday,11,November,4,2025,0,1,FY25-26,48
2025-11-28,28,Friday,11,November,4,2025,0,1,FY25-26,48
2025-11-29,29,Saturday,11,November,4,2025,1,0,FY25-26,48
2025-11-30,30,Sunday,11,November,4,2025,1,0,FY25-26,48
2025-12-01,1,Monday,12,December,4,2025,0,1,FY25-26,49
2025-12-02,2,Tuesday,12,December,4,2025,0,1,FY25-26,49
2025-12-03,3,Wednesday,12,December,4,2025,0,1,FY25-26,49
2025-12-04,4,Thursday,12,December,4,2025,0,1,FY25-26,49
2025-12-05,5,Friday,12,December,4,2025,0,1,FY25-26,49
2025-12-06,6,Saturday,12,December,4,2025,1,0,FY25-26,49
2025-12-07,7,Sunday,12,December,4,2025,1,0,FY25-26,49
2025-12-08,8,Monday,12,December,4,2025,0,1,FY25-26,50
2025-12-09,9,Tuesday,12,December,4,2025,0,1,FY25-26,50
2025-12-10,10,Wednesday,12,December,4,2025,0,1,FY25-26,50
2025-12-11,11,Thursday,12,December,4,2025,0,1,FY25-26,50
2025-12-12,12,Friday,12,December,4,2025,0,1,FY25-26,50
2025-12-13,13,Saturday,12,December,4,2025,1,0,FY25-26,50
2025-12-14,14,Sunday,12,December,4,2025,1,0,FY25-26,50
2025-12-15,15,Monday,12,December,4,2025,0,1,FY25-26,51
2025-12-16,16,Tuesday,12,December,4,2025,0,1,FY25-26,51
2025-12-17,17,Wednesday,12,December,4,2025,0,1,FY25-26,51
2025-12-18,18,Thursday,12,December,4,2025,0,1,FY25-26,51
2025-12-19,19,Friday,12,December,4,2025,0,1,FY25-26,51
2025-12-20,20,Saturday,12,December,4,2025,1,0,FY25-26,51
2025-12-21,21,Sunday,12,December,4,2025,1,0,FY25-26,51
2025-12-22,22,Monday,12,December,4,2025,0,1,FY25-26,52
2025-12-23,23,Tuesday,12,December,4,2025,0,1,FY25-26,52
2025-12-24,24,Wednesday,12,December,4,2025,0,1,FY25-26,52
2025-12-25,25,Thursday,12,December,4,2025,0,1,FY25-26,52
2025-12-26,26,Friday,12,December,4,2025,0,1,FY25-26,52
2025-12-27,27,Saturday,12,December,4,2025,1,0,FY25-26,52
2025-12-28,28,Sunday,12,December,4,2025,1,0,FY25-26,52
2025-12-29,29,Monday,12,December,4,2025,0,1,FY25-26,1
2025-12-30,30,Tuesday,12,December,4,2025,0,1,FY25-26,1
2025-12-31,31,Wednesday,12,December,4,2025,0,1,FY25-26,1
